{
  "packVersion": "2026.01.15",
  "generatedAt": "2026-01-15T11:22:38.713Z",
  "docs": {
    "intro": {
      "title": "Intro",
      "category": "content",
      "html": "docs/intro.html",
      "semester": 0,
      "subject": "General",
      "unit": null,
      "isHub": false,
      "order": 0
    },
    "semester_1_c_programming_handout": {
      "title": "Handout",
      "category": "handout",
      "html": "docs/semester_1_c_programming_handout.html",
      "semester": 1,
      "subject": "C Programming",
      "unit": null,
      "isHub": false,
      "order": 1
    },
    "semester_1_c_programming": {
      "title": "C Programming",
      "category": "subjectIndex",
      "html": "docs/semester_1_c_programming.html",
      "semester": 1,
      "subject": "C Programming",
      "unit": null,
      "isHub": true,
      "order": 0
    },
    "semester_1_c_programming_notes": {
      "title": "Notes",
      "category": "notesIndex",
      "html": "docs/semester_1_c_programming_notes.html",
      "semester": 1,
      "subject": "C Programming",
      "unit": null,
      "isHub": true,
      "order": 2
    },
    "semester_1_c_programming_notes_program_reference": {
      "title": "Notes",
      "category": "notesIndex",
      "html": "docs/semester_1_c_programming_notes_program_reference.html",
      "semester": 1,
      "subject": "C Programming",
      "unit": null,
      "isHub": true,
      "order": 2
    },
    "semester_1_c_programming_notes_unit1": {
      "title": "Unit 1",
      "category": "unit",
      "html": "docs/semester_1_c_programming_notes_unit1.html",
      "semester": 1,
      "subject": "C Programming",
      "unit": 1,
      "isHub": false,
      "order": 1
    },
    "semester_1_c_programming_notes_unit2_data_types": {
      "title": "Unit 2",
      "category": "unit",
      "html": "docs/semester_1_c_programming_notes_unit2_data_types.html",
      "semester": 1,
      "subject": "C Programming",
      "unit": 2,
      "isHub": false,
      "order": 2
    },
    "semester_1_c_programming_notes_unit3_decision_making": {
      "title": "Unit 3",
      "category": "unit",
      "html": "docs/semester_1_c_programming_notes_unit3_decision_making.html",
      "semester": 1,
      "subject": "C Programming",
      "unit": 3,
      "isHub": false,
      "order": 3
    },
    "semester_1_c_programming_notes_unit4_loops": {
      "title": "Unit 4",
      "category": "unit",
      "html": "docs/semester_1_c_programming_notes_unit4_loops.html",
      "semester": 1,
      "subject": "C Programming",
      "unit": 4,
      "isHub": false,
      "order": 4
    },
    "semester_1_c_programming_notes_unit5_arrays": {
      "title": "Unit 5",
      "category": "unit",
      "html": "docs/semester_1_c_programming_notes_unit5_arrays.html",
      "semester": 1,
      "subject": "C Programming",
      "unit": 5,
      "isHub": false,
      "order": 5
    },
    "semester_1_c_programming_pyq": {
      "title": "PYQ",
      "category": "pyq",
      "html": "docs/semester_1_c_programming_pyq.html",
      "semester": 1,
      "subject": "C Programming",
      "unit": null,
      "isHub": false,
      "order": 5
    },
    "semester_1_cfoa_handout": {
      "title": "Handout",
      "category": "handout",
      "html": "docs/semester_1_cfoa_handout.html",
      "semester": 1,
      "subject": "CFOA",
      "unit": null,
      "isHub": false,
      "order": 1
    },
    "semester_1_cfoa": {
      "title": "CFOA",
      "category": "subjectIndex",
      "html": "docs/semester_1_cfoa.html",
      "semester": 1,
      "subject": "CFOA",
      "unit": null,
      "isHub": true,
      "order": 0
    },
    "semester_1_cfoa_notes": {
      "title": "Notes",
      "category": "notesIndex",
      "html": "docs/semester_1_cfoa_notes.html",
      "semester": 1,
      "subject": "CFOA",
      "unit": null,
      "isHub": true,
      "order": 2
    },
    "semester_1_cfoa_notes_intro": {
      "title": "Notes",
      "category": "notesIndex",
      "html": "docs/semester_1_cfoa_notes_intro.html",
      "semester": 1,
      "subject": "CFOA",
      "unit": null,
      "isHub": true,
      "order": 2
    },
    "semester_1_cfoa_pyq": {
      "title": "PYQ",
      "category": "pyq",
      "html": "docs/semester_1_cfoa_pyq.html",
      "semester": 1,
      "subject": "CFOA",
      "unit": null,
      "isHub": false,
      "order": 5
    },
    "semester_1_digital_logic_design_handout": {
      "title": "Handout",
      "category": "handout",
      "html": "docs/semester_1_digital_logic_design_handout.html",
      "semester": 1,
      "subject": "Digital Logic&Design",
      "unit": null,
      "isHub": false,
      "order": 1
    },
    "semester_1_digital_logic_design": {
      "title": "Digital Logic&Design",
      "category": "subjectIndex",
      "html": "docs/semester_1_digital_logic_design.html",
      "semester": 1,
      "subject": "Digital Logic&Design",
      "unit": null,
      "isHub": true,
      "order": 0
    },
    "semester_1_digital_logic_design_notes": {
      "title": "Notes",
      "category": "notesIndex",
      "html": "docs/semester_1_digital_logic_design_notes.html",
      "semester": 1,
      "subject": "Digital Logic&Design",
      "unit": null,
      "isHub": true,
      "order": 2
    },
    "semester_1_digital_logic_design_notes_intro": {
      "title": "Notes",
      "category": "notesIndex",
      "html": "docs/semester_1_digital_logic_design_notes_intro.html",
      "semester": 1,
      "subject": "Digital Logic&Design",
      "unit": null,
      "isHub": true,
      "order": 2
    },
    "semester_1_digital_logic_design_pyq": {
      "title": "PYQ",
      "category": "pyq",
      "html": "docs/semester_1_digital_logic_design_pyq.html",
      "semester": 1,
      "subject": "Digital Logic&Design",
      "unit": null,
      "isHub": false,
      "order": 5
    },
    "semester_1_english_communication_skills_handout": {
      "title": "Handout",
      "category": "handout",
      "html": "docs/semester_1_english_communication_skills_handout.html",
      "semester": 1,
      "subject": "English Communication Skills",
      "unit": null,
      "isHub": false,
      "order": 1
    },
    "semester_1_english_communication_skills": {
      "title": "English Communication Skills",
      "category": "subjectIndex",
      "html": "docs/semester_1_english_communication_skills.html",
      "semester": 1,
      "subject": "English Communication Skills",
      "unit": null,
      "isHub": true,
      "order": 0
    },
    "semester_1_english_communication_skills_notes": {
      "title": "Notes",
      "category": "notesIndex",
      "html": "docs/semester_1_english_communication_skills_notes.html",
      "semester": 1,
      "subject": "English Communication Skills",
      "unit": null,
      "isHub": true,
      "order": 2
    },
    "semester_1_english_communication_skills_pyq": {
      "title": "PYQ",
      "category": "pyq",
      "html": "docs/semester_1_english_communication_skills_pyq.html",
      "semester": 1,
      "subject": "English Communication Skills",
      "unit": null,
      "isHub": false,
      "order": 5
    },
    "semester_1_environmental_science_handout": {
      "title": "Handout",
      "category": "handout",
      "html": "docs/semester_1_environmental_science_handout.html",
      "semester": 1,
      "subject": "Environmental Science",
      "unit": null,
      "isHub": false,
      "order": 1
    },
    "semester_1_environmental_science": {
      "title": "Environmental Science",
      "category": "subjectIndex",
      "html": "docs/semester_1_environmental_science.html",
      "semester": 1,
      "subject": "Environmental Science",
      "unit": null,
      "isHub": true,
      "order": 0
    },
    "semester_1_environmental_science_notes_env_science_guide": {
      "title": "Notes",
      "category": "notesIndex",
      "html": "docs/semester_1_environmental_science_notes_env_science_guide.html",
      "semester": 1,
      "subject": "Environmental Science",
      "unit": null,
      "isHub": true,
      "order": 2
    },
    "semester_1_environmental_science_notes": {
      "title": "Notes",
      "category": "notesIndex",
      "html": "docs/semester_1_environmental_science_notes.html",
      "semester": 1,
      "subject": "Environmental Science",
      "unit": null,
      "isHub": true,
      "order": 2
    },
    "semester_1_environmental_science_notes_intro": {
      "title": "Notes",
      "category": "notesIndex",
      "html": "docs/semester_1_environmental_science_notes_intro.html",
      "semester": 1,
      "subject": "Environmental Science",
      "unit": null,
      "isHub": true,
      "order": 2
    },
    "semester_1_environmental_science_notes_unit_1": {
      "title": "Unit 1",
      "category": "unit",
      "html": "docs/semester_1_environmental_science_notes_unit_1.html",
      "semester": 1,
      "subject": "Environmental Science",
      "unit": 1,
      "isHub": false,
      "order": 1
    },
    "semester_1_environmental_science_pyq": {
      "title": "PYQ",
      "category": "pyq",
      "html": "docs/semester_1_environmental_science_pyq.html",
      "semester": 1,
      "subject": "Environmental Science",
      "unit": null,
      "isHub": false,
      "order": 5
    },
    "semester_1_fmca_handout": {
      "title": "Handout",
      "category": "handout",
      "html": "docs/semester_1_fmca_handout.html",
      "semester": 1,
      "subject": "FMCA",
      "unit": null,
      "isHub": false,
      "order": 1
    },
    "semester_1_fmca": {
      "title": "FMCA",
      "category": "subjectIndex",
      "html": "docs/semester_1_fmca.html",
      "semester": 1,
      "subject": "FMCA",
      "unit": null,
      "isHub": true,
      "order": 0
    },
    "semester_1_fmca_notes": {
      "title": "Notes",
      "category": "notesIndex",
      "html": "docs/semester_1_fmca_notes.html",
      "semester": 1,
      "subject": "FMCA",
      "unit": null,
      "isHub": true,
      "order": 2
    },
    "semester_1_fmca_notes_intro": {
      "title": "Notes",
      "category": "notesIndex",
      "html": "docs/semester_1_fmca_notes_intro.html",
      "semester": 1,
      "subject": "FMCA",
      "unit": null,
      "isHub": true,
      "order": 2
    },
    "semester_1_fmca_pyq": {
      "title": "PYQ",
      "category": "pyq",
      "html": "docs/semester_1_fmca_pyq.html",
      "semester": 1,
      "subject": "FMCA",
      "unit": null,
      "isHub": false,
      "order": 5
    },
    "semester_1": {
      "title": "Semester 1",
      "category": "semesterIndex",
      "html": "docs/semester_1.html",
      "semester": 1,
      "subject": "Index.Html",
      "unit": null,
      "isHub": true,
      "order": 0
    },
    "semester_1_psychology_handout": {
      "title": "Handout",
      "category": "handout",
      "html": "docs/semester_1_psychology_handout.html",
      "semester": 1,
      "subject": "Psychology",
      "unit": null,
      "isHub": false,
      "order": 1
    },
    "semester_1_psychology": {
      "title": "Psychology",
      "category": "subjectIndex",
      "html": "docs/semester_1_psychology.html",
      "semester": 1,
      "subject": "Psychology",
      "unit": null,
      "isHub": true,
      "order": 0
    },
    "semester_1_psychology_notes": {
      "title": "Notes",
      "category": "notesIndex",
      "html": "docs/semester_1_psychology_notes.html",
      "semester": 1,
      "subject": "Psychology",
      "unit": null,
      "isHub": true,
      "order": 2
    },
    "semester_1_psychology_notes_intro": {
      "title": "Notes",
      "category": "notesIndex",
      "html": "docs/semester_1_psychology_notes_intro.html",
      "semester": 1,
      "subject": "Psychology",
      "unit": null,
      "isHub": true,
      "order": 2
    },
    "semester_1_psychology_notes_methods_of_psychology": {
      "title": "Notes",
      "category": "notesIndex",
      "html": "docs/semester_1_psychology_notes_methods_of_psychology.html",
      "semester": 1,
      "subject": "Psychology",
      "unit": null,
      "isHub": true,
      "order": 2
    },
    "semester_1_psychology_notes_scope_of_psychology": {
      "title": "Notes",
      "category": "notesIndex",
      "html": "docs/semester_1_psychology_notes_scope_of_psychology.html",
      "semester": 1,
      "subject": "Psychology",
      "unit": null,
      "isHub": true,
      "order": 2
    },
    "semester_1_psychology_pyq": {
      "title": "PYQ",
      "category": "pyq",
      "html": "docs/semester_1_psychology_pyq.html",
      "semester": 1,
      "subject": "Psychology",
      "unit": null,
      "isHub": false,
      "order": 5
    },
    "semester_1_shared_resources_handout": {
      "title": "Handout",
      "category": "handout",
      "html": "docs/semester_1_shared_resources_handout.html",
      "semester": 1,
      "subject": "Shared Resources",
      "unit": null,
      "isHub": false,
      "order": 1
    },
    "semester_1_shared_resources": {
      "title": "Shared Resources",
      "category": "subjectIndex",
      "html": "docs/semester_1_shared_resources.html",
      "semester": 1,
      "subject": "Shared Resources",
      "unit": null,
      "isHub": true,
      "order": 0
    },
    "semester_1_shared_resources_notes": {
      "title": "Notes",
      "category": "notesIndex",
      "html": "docs/semester_1_shared_resources_notes.html",
      "semester": 1,
      "subject": "Shared Resources",
      "unit": null,
      "isHub": true,
      "order": 2
    },
    "semester_1_shared_resources_notes_intro": {
      "title": "Notes",
      "category": "notesIndex",
      "html": "docs/semester_1_shared_resources_notes_intro.html",
      "semester": 1,
      "subject": "Shared Resources",
      "unit": null,
      "isHub": true,
      "order": 2
    },
    "semester_1_shared_resources_pyq": {
      "title": "PYQ",
      "category": "pyq",
      "html": "docs/semester_1_shared_resources_pyq.html",
      "semester": 1,
      "subject": "Shared Resources",
      "unit": null,
      "isHub": false,
      "order": 5
    },
    "semester_1_understanding_india_handout": {
      "title": "Handout",
      "category": "handout",
      "html": "docs/semester_1_understanding_india_handout.html",
      "semester": 1,
      "subject": "Understanding India",
      "unit": null,
      "isHub": false,
      "order": 1
    },
    "semester_1_understanding_india": {
      "title": "Understanding India",
      "category": "subjectIndex",
      "html": "docs/semester_1_understanding_india.html",
      "semester": 1,
      "subject": "Understanding India",
      "unit": null,
      "isHub": true,
      "order": 0
    },
    "semester_1_understanding_india_notes": {
      "title": "Notes",
      "category": "notesIndex",
      "html": "docs/semester_1_understanding_india_notes.html",
      "semester": 1,
      "subject": "Understanding India",
      "unit": null,
      "isHub": true,
      "order": 2
    },
    "semester_1_understanding_india_notes_intro": {
      "title": "Notes",
      "category": "notesIndex",
      "html": "docs/semester_1_understanding_india_notes_intro.html",
      "semester": 1,
      "subject": "Understanding India",
      "unit": null,
      "isHub": true,
      "order": 2
    },
    "semester_1_understanding_india_pyq": {
      "title": "PYQ",
      "category": "pyq",
      "html": "docs/semester_1_understanding_india_pyq.html",
      "semester": 1,
      "subject": "Understanding India",
      "unit": null,
      "isHub": false,
      "order": 5
    },
    "semester_2_computer_programming_ii_assignments": {
      "title": "Assignments",
      "category": "assignments",
      "html": "docs/semester_2_computer_programming_ii_assignments.html",
      "semester": 2,
      "subject": "Computer Programming – II",
      "unit": null,
      "isHub": false,
      "order": 3
    },
    "semester_2_computer_programming_ii_handout": {
      "title": "Handout",
      "category": "handout",
      "html": "docs/semester_2_computer_programming_ii_handout.html",
      "semester": 2,
      "subject": "Computer Programming – II",
      "unit": null,
      "isHub": false,
      "order": 1
    },
    "semester_2_computer_programming_ii": {
      "title": "Computer Programming – II",
      "category": "subjectIndex",
      "html": "docs/semester_2_computer_programming_ii.html",
      "semester": 2,
      "subject": "Computer Programming – II",
      "unit": null,
      "isHub": true,
      "order": 0
    },
    "semester_2_computer_programming_ii_miscactivities": {
      "title": "Misc",
      "category": "misc",
      "html": "docs/semester_2_computer_programming_ii_miscactivities.html",
      "semester": 2,
      "subject": "Computer Programming – II",
      "unit": null,
      "isHub": false,
      "order": 4
    },
    "semester_2_computer_programming_ii_notes": {
      "title": "Notes",
      "category": "notesIndex",
      "html": "docs/semester_2_computer_programming_ii_notes.html",
      "semester": 2,
      "subject": "Computer Programming – II",
      "unit": null,
      "isHub": true,
      "order": 2
    },
    "semester_2_discrete_mathematics_assignments": {
      "title": "Assignments",
      "category": "assignments",
      "html": "docs/semester_2_discrete_mathematics_assignments.html",
      "semester": 2,
      "subject": "Discrete Mathematics",
      "unit": null,
      "isHub": false,
      "order": 3
    },
    "semester_2_discrete_mathematics_handout": {
      "title": "Handout",
      "category": "handout",
      "html": "docs/semester_2_discrete_mathematics_handout.html",
      "semester": 2,
      "subject": "Discrete Mathematics",
      "unit": null,
      "isHub": false,
      "order": 1
    },
    "semester_2_discrete_mathematics": {
      "title": "Discrete Mathematics",
      "category": "subjectIndex",
      "html": "docs/semester_2_discrete_mathematics.html",
      "semester": 2,
      "subject": "Discrete Mathematics",
      "unit": null,
      "isHub": true,
      "order": 0
    },
    "semester_2_discrete_mathematics_miscactivities": {
      "title": "Misc",
      "category": "misc",
      "html": "docs/semester_2_discrete_mathematics_miscactivities.html",
      "semester": 2,
      "subject": "Discrete Mathematics",
      "unit": null,
      "isHub": false,
      "order": 4
    },
    "semester_2_discrete_mathematics_notes": {
      "title": "Notes",
      "category": "notesIndex",
      "html": "docs/semester_2_discrete_mathematics_notes.html",
      "semester": 2,
      "subject": "Discrete Mathematics",
      "unit": null,
      "isHub": true,
      "order": 2
    },
    "semester_2_extras": {
      "title": "Extras",
      "category": "subjectIndex",
      "html": "docs/semester_2_extras.html",
      "semester": 2,
      "subject": "Extras",
      "unit": null,
      "isHub": true,
      "order": 0
    },
    "semester_2_functional_english_assignments": {
      "title": "Assignments",
      "category": "assignments",
      "html": "docs/semester_2_functional_english_assignments.html",
      "semester": 2,
      "subject": "Functional English",
      "unit": null,
      "isHub": false,
      "order": 3
    },
    "semester_2_functional_english_handout": {
      "title": "Handout",
      "category": "handout",
      "html": "docs/semester_2_functional_english_handout.html",
      "semester": 2,
      "subject": "Functional English",
      "unit": null,
      "isHub": false,
      "order": 1
    },
    "semester_2_functional_english": {
      "title": "Functional English",
      "category": "subjectIndex",
      "html": "docs/semester_2_functional_english.html",
      "semester": 2,
      "subject": "Functional English",
      "unit": null,
      "isHub": true,
      "order": 0
    },
    "semester_2_functional_english_miscactivities": {
      "title": "Misc",
      "category": "misc",
      "html": "docs/semester_2_functional_english_miscactivities.html",
      "semester": 2,
      "subject": "Functional English",
      "unit": null,
      "isHub": false,
      "order": 4
    },
    "semester_2_functional_english_notes": {
      "title": "Notes",
      "category": "notesIndex",
      "html": "docs/semester_2_functional_english_notes.html",
      "semester": 2,
      "subject": "Functional English",
      "unit": null,
      "isHub": true,
      "order": 2
    },
    "semester_2_linux_shell_programming_assignments": {
      "title": "Assignments",
      "category": "assignments",
      "html": "docs/semester_2_linux_shell_programming_assignments.html",
      "semester": 2,
      "subject": "Linux & Shell Programming",
      "unit": null,
      "isHub": false,
      "order": 3
    },
    "semester_2_linux_shell_programming_handout": {
      "title": "Handout",
      "category": "handout",
      "html": "docs/semester_2_linux_shell_programming_handout.html",
      "semester": 2,
      "subject": "Linux & Shell Programming",
      "unit": null,
      "isHub": false,
      "order": 1
    },
    "semester_2_linux_shell_programming": {
      "title": "Linux & Shell Programming",
      "category": "subjectIndex",
      "html": "docs/semester_2_linux_shell_programming.html",
      "semester": 2,
      "subject": "Linux & Shell Programming",
      "unit": null,
      "isHub": true,
      "order": 0
    },
    "semester_2_linux_shell_programming_miscactivities": {
      "title": "Misc",
      "category": "misc",
      "html": "docs/semester_2_linux_shell_programming_miscactivities.html",
      "semester": 2,
      "subject": "Linux & Shell Programming",
      "unit": null,
      "isHub": false,
      "order": 4
    },
    "semester_2_linux_shell_programming_notes": {
      "title": "Notes",
      "category": "notesIndex",
      "html": "docs/semester_2_linux_shell_programming_notes.html",
      "semester": 2,
      "subject": "Linux & Shell Programming",
      "unit": null,
      "isHub": true,
      "order": 2
    },
    "semester_2_multimedia_system_assignments": {
      "title": "Assignments",
      "category": "assignments",
      "html": "docs/semester_2_multimedia_system_assignments.html",
      "semester": 2,
      "subject": "Multimedia System",
      "unit": null,
      "isHub": false,
      "order": 3
    },
    "semester_2_multimedia_system_handout": {
      "title": "Handout",
      "category": "handout",
      "html": "docs/semester_2_multimedia_system_handout.html",
      "semester": 2,
      "subject": "Multimedia System",
      "unit": null,
      "isHub": false,
      "order": 1
    },
    "semester_2_multimedia_system": {
      "title": "Multimedia System",
      "category": "subjectIndex",
      "html": "docs/semester_2_multimedia_system.html",
      "semester": 2,
      "subject": "Multimedia System",
      "unit": null,
      "isHub": true,
      "order": 0
    },
    "semester_2_multimedia_system_miscactivities": {
      "title": "Misc",
      "category": "misc",
      "html": "docs/semester_2_multimedia_system_miscactivities.html",
      "semester": 2,
      "subject": "Multimedia System",
      "unit": null,
      "isHub": false,
      "order": 4
    },
    "semester_2_multimedia_system_notes": {
      "title": "Notes",
      "category": "notesIndex",
      "html": "docs/semester_2_multimedia_system_notes.html",
      "semester": 2,
      "subject": "Multimedia System",
      "unit": null,
      "isHub": true,
      "order": 2
    },
    "semester_2_statistics_assignments": {
      "title": "Assignments",
      "category": "assignments",
      "html": "docs/semester_2_statistics_assignments.html",
      "semester": 2,
      "subject": "Statistics",
      "unit": null,
      "isHub": false,
      "order": 3
    },
    "semester_2_statistics_handout": {
      "title": "Handout",
      "category": "handout",
      "html": "docs/semester_2_statistics_handout.html",
      "semester": 2,
      "subject": "Statistics",
      "unit": null,
      "isHub": false,
      "order": 1
    },
    "semester_2_statistics": {
      "title": "Statistics",
      "category": "subjectIndex",
      "html": "docs/semester_2_statistics.html",
      "semester": 2,
      "subject": "Statistics",
      "unit": null,
      "isHub": true,
      "order": 0
    },
    "semester_2_statistics_miscactivities": {
      "title": "Misc",
      "category": "misc",
      "html": "docs/semester_2_statistics_miscactivities.html",
      "semester": 2,
      "subject": "Statistics",
      "unit": null,
      "isHub": false,
      "order": 4
    },
    "semester_2_statistics_notes": {
      "title": "Notes",
      "category": "notesIndex",
      "html": "docs/semester_2_statistics_notes.html",
      "semester": 2,
      "subject": "Statistics",
      "unit": null,
      "isHub": true,
      "order": 2
    },
    "semester_2_technical_report_writing_assignments": {
      "title": "Assignments",
      "category": "assignments",
      "html": "docs/semester_2_technical_report_writing_assignments.html",
      "semester": 2,
      "subject": "Technical Report Writing",
      "unit": null,
      "isHub": false,
      "order": 3
    },
    "semester_2_technical_report_writing_handout": {
      "title": "Handout",
      "category": "handout",
      "html": "docs/semester_2_technical_report_writing_handout.html",
      "semester": 2,
      "subject": "Technical Report Writing",
      "unit": null,
      "isHub": false,
      "order": 1
    },
    "semester_2_technical_report_writing": {
      "title": "Technical Report Writing",
      "category": "subjectIndex",
      "html": "docs/semester_2_technical_report_writing.html",
      "semester": 2,
      "subject": "Technical Report Writing",
      "unit": null,
      "isHub": true,
      "order": 0
    },
    "semester_2_technical_report_writing_miscactivities": {
      "title": "Misc",
      "category": "misc",
      "html": "docs/semester_2_technical_report_writing_miscactivities.html",
      "semester": 2,
      "subject": "Technical Report Writing",
      "unit": null,
      "isHub": false,
      "order": 4
    },
    "semester_2_technical_report_writing_notes": {
      "title": "Notes",
      "category": "notesIndex",
      "html": "docs/semester_2_technical_report_writing_notes.html",
      "semester": 2,
      "subject": "Technical Report Writing",
      "unit": null,
      "isHub": true,
      "order": 2
    }
  },
  "tree": [
    {
      "id": "s1",
      "title": "Semester 1",
      "type": "semester",
      "hubDocId": "s1_hub",
      "items": [
        {
          "id": "s1_c_programming",
          "title": "C Programming",
          "type": "subject",
          "hubDocId": "s1_c_programming_hub",
          "items": [
            {
              "id": "s1_c_programming_notes",
              "title": "Notes",
              "type": "folder",
              "hubDocId": "s1_c_programming_notes_hub",
              "items": [
                {
                  "id": "semester_1_c_programming_notes_unit1",
                  "title": "Unit 1",
                  "type": "leaf",
                  "docId": "semester_1_c_programming_notes_unit1"
                },
                {
                  "id": "semester_1_c_programming_notes_unit2_data_types",
                  "title": "Unit 2",
                  "type": "leaf",
                  "docId": "semester_1_c_programming_notes_unit2_data_types"
                },
                {
                  "id": "semester_1_c_programming_notes_unit3_decision_making",
                  "title": "Unit 3",
                  "type": "leaf",
                  "docId": "semester_1_c_programming_notes_unit3_decision_making"
                },
                {
                  "id": "semester_1_c_programming_notes_unit4_loops",
                  "title": "Unit 4",
                  "type": "leaf",
                  "docId": "semester_1_c_programming_notes_unit4_loops"
                },
                {
                  "id": "semester_1_c_programming_notes_unit5_arrays",
                  "title": "Unit 5",
                  "type": "leaf",
                  "docId": "semester_1_c_programming_notes_unit5_arrays"
                }
              ]
            },
            {
              "id": "semester_1_c_programming_handout",
              "title": "Handout",
              "type": "leaf",
              "docId": "semester_1_c_programming_handout"
            },
            {
              "id": "semester_1_c_programming_pyq",
              "title": "PYQ",
              "type": "leaf",
              "docId": "semester_1_c_programming_pyq"
            }
          ]
        },
        {
          "id": "s1_cfoa",
          "title": "CFOA",
          "type": "subject",
          "hubDocId": "s1_cfoa_hub",
          "items": [
            {
              "id": "semester_1_cfoa_handout",
              "title": "Handout",
              "type": "leaf",
              "docId": "semester_1_cfoa_handout"
            },
            {
              "id": "semester_1_cfoa_pyq",
              "title": "PYQ",
              "type": "leaf",
              "docId": "semester_1_cfoa_pyq"
            }
          ]
        },
        {
          "id": "s1_digital_logic_design",
          "title": "Digital Logic&Design",
          "type": "subject",
          "hubDocId": "s1_digital_logic_design_hub",
          "items": [
            {
              "id": "semester_1_digital_logic_design_handout",
              "title": "Handout",
              "type": "leaf",
              "docId": "semester_1_digital_logic_design_handout"
            },
            {
              "id": "semester_1_digital_logic_design_pyq",
              "title": "PYQ",
              "type": "leaf",
              "docId": "semester_1_digital_logic_design_pyq"
            }
          ]
        },
        {
          "id": "s1_english_communication_skills",
          "title": "English Communication Skills",
          "type": "subject",
          "hubDocId": "s1_english_communication_skills_hub",
          "items": [
            {
              "id": "semester_1_english_communication_skills_handout",
              "title": "Handout",
              "type": "leaf",
              "docId": "semester_1_english_communication_skills_handout"
            },
            {
              "id": "semester_1_english_communication_skills_pyq",
              "title": "PYQ",
              "type": "leaf",
              "docId": "semester_1_english_communication_skills_pyq"
            }
          ]
        },
        {
          "id": "s1_environmental_science",
          "title": "Environmental Science",
          "type": "subject",
          "hubDocId": "s1_environmental_science_hub",
          "items": [
            {
              "id": "s1_environmental_science_notes",
              "title": "Notes",
              "type": "folder",
              "hubDocId": "s1_environmental_science_notes_hub",
              "items": [
                {
                  "id": "semester_1_environmental_science_notes_unit_1",
                  "title": "Unit 1",
                  "type": "leaf",
                  "docId": "semester_1_environmental_science_notes_unit_1"
                }
              ]
            },
            {
              "id": "semester_1_environmental_science_handout",
              "title": "Handout",
              "type": "leaf",
              "docId": "semester_1_environmental_science_handout"
            },
            {
              "id": "semester_1_environmental_science_pyq",
              "title": "PYQ",
              "type": "leaf",
              "docId": "semester_1_environmental_science_pyq"
            }
          ]
        },
        {
          "id": "s1_fmca",
          "title": "FMCA",
          "type": "subject",
          "hubDocId": "s1_fmca_hub",
          "items": [
            {
              "id": "semester_1_fmca_handout",
              "title": "Handout",
              "type": "leaf",
              "docId": "semester_1_fmca_handout"
            },
            {
              "id": "semester_1_fmca_pyq",
              "title": "PYQ",
              "type": "leaf",
              "docId": "semester_1_fmca_pyq"
            }
          ]
        },
        {
          "id": "s1_psychology",
          "title": "Psychology",
          "type": "subject",
          "hubDocId": "s1_psychology_hub",
          "items": [
            {
              "id": "semester_1_psychology_handout",
              "title": "Handout",
              "type": "leaf",
              "docId": "semester_1_psychology_handout"
            },
            {
              "id": "semester_1_psychology_pyq",
              "title": "PYQ",
              "type": "leaf",
              "docId": "semester_1_psychology_pyq"
            }
          ]
        },
        {
          "id": "s1_shared_resources",
          "title": "Shared Resources",
          "type": "subject",
          "hubDocId": "s1_shared_resources_hub",
          "items": [
            {
              "id": "semester_1_shared_resources_handout",
              "title": "Handout",
              "type": "leaf",
              "docId": "semester_1_shared_resources_handout"
            },
            {
              "id": "semester_1_shared_resources_pyq",
              "title": "PYQ",
              "type": "leaf",
              "docId": "semester_1_shared_resources_pyq"
            }
          ]
        },
        {
          "id": "s1_understanding_india",
          "title": "Understanding India",
          "type": "subject",
          "hubDocId": "s1_understanding_india_hub",
          "items": [
            {
              "id": "semester_1_understanding_india_handout",
              "title": "Handout",
              "type": "leaf",
              "docId": "semester_1_understanding_india_handout"
            },
            {
              "id": "semester_1_understanding_india_pyq",
              "title": "PYQ",
              "type": "leaf",
              "docId": "semester_1_understanding_india_pyq"
            }
          ]
        }
      ]
    },
    {
      "id": "s2",
      "title": "Semester 2",
      "type": "semester",
      "hubDocId": "s2_hub",
      "items": [
        {
          "id": "s2_computer_programming_ii",
          "title": "Computer Programming – II",
          "type": "subject",
          "hubDocId": "s2_computer_programming_ii_hub",
          "items": [
            {
              "id": "semester_2_computer_programming_ii_assignments",
              "title": "Assignments",
              "type": "leaf",
              "docId": "semester_2_computer_programming_ii_assignments"
            },
            {
              "id": "semester_2_computer_programming_ii_handout",
              "title": "Handout",
              "type": "leaf",
              "docId": "semester_2_computer_programming_ii_handout"
            },
            {
              "id": "semester_2_computer_programming_ii_miscactivities",
              "title": "Misc",
              "type": "leaf",
              "docId": "semester_2_computer_programming_ii_miscactivities"
            }
          ]
        },
        {
          "id": "s2_discrete_mathematics",
          "title": "Discrete Mathematics",
          "type": "subject",
          "hubDocId": "s2_discrete_mathematics_hub",
          "items": [
            {
              "id": "semester_2_discrete_mathematics_assignments",
              "title": "Assignments",
              "type": "leaf",
              "docId": "semester_2_discrete_mathematics_assignments"
            },
            {
              "id": "semester_2_discrete_mathematics_handout",
              "title": "Handout",
              "type": "leaf",
              "docId": "semester_2_discrete_mathematics_handout"
            },
            {
              "id": "semester_2_discrete_mathematics_miscactivities",
              "title": "Misc",
              "type": "leaf",
              "docId": "semester_2_discrete_mathematics_miscactivities"
            }
          ]
        },
        {
          "id": "s2_functional_english",
          "title": "Functional English",
          "type": "subject",
          "hubDocId": "s2_functional_english_hub",
          "items": [
            {
              "id": "semester_2_functional_english_assignments",
              "title": "Assignments",
              "type": "leaf",
              "docId": "semester_2_functional_english_assignments"
            },
            {
              "id": "semester_2_functional_english_handout",
              "title": "Handout",
              "type": "leaf",
              "docId": "semester_2_functional_english_handout"
            },
            {
              "id": "semester_2_functional_english_miscactivities",
              "title": "Misc",
              "type": "leaf",
              "docId": "semester_2_functional_english_miscactivities"
            }
          ]
        },
        {
          "id": "s2_linux_shell_programming",
          "title": "Linux & Shell Programming",
          "type": "subject",
          "hubDocId": "s2_linux_shell_programming_hub",
          "items": [
            {
              "id": "semester_2_linux_shell_programming_assignments",
              "title": "Assignments",
              "type": "leaf",
              "docId": "semester_2_linux_shell_programming_assignments"
            },
            {
              "id": "semester_2_linux_shell_programming_handout",
              "title": "Handout",
              "type": "leaf",
              "docId": "semester_2_linux_shell_programming_handout"
            },
            {
              "id": "semester_2_linux_shell_programming_miscactivities",
              "title": "Misc",
              "type": "leaf",
              "docId": "semester_2_linux_shell_programming_miscactivities"
            }
          ]
        },
        {
          "id": "s2_multimedia_system",
          "title": "Multimedia System",
          "type": "subject",
          "hubDocId": "s2_multimedia_system_hub",
          "items": [
            {
              "id": "semester_2_multimedia_system_assignments",
              "title": "Assignments",
              "type": "leaf",
              "docId": "semester_2_multimedia_system_assignments"
            },
            {
              "id": "semester_2_multimedia_system_handout",
              "title": "Handout",
              "type": "leaf",
              "docId": "semester_2_multimedia_system_handout"
            },
            {
              "id": "semester_2_multimedia_system_miscactivities",
              "title": "Misc",
              "type": "leaf",
              "docId": "semester_2_multimedia_system_miscactivities"
            }
          ]
        },
        {
          "id": "s2_statistics",
          "title": "Statistics",
          "type": "subject",
          "hubDocId": "s2_statistics_hub",
          "items": [
            {
              "id": "semester_2_statistics_assignments",
              "title": "Assignments",
              "type": "leaf",
              "docId": "semester_2_statistics_assignments"
            },
            {
              "id": "semester_2_statistics_handout",
              "title": "Handout",
              "type": "leaf",
              "docId": "semester_2_statistics_handout"
            },
            {
              "id": "semester_2_statistics_miscactivities",
              "title": "Misc",
              "type": "leaf",
              "docId": "semester_2_statistics_miscactivities"
            }
          ]
        },
        {
          "id": "s2_technical_report_writing",
          "title": "Technical Report Writing",
          "type": "subject",
          "hubDocId": "s2_technical_report_writing_hub",
          "items": [
            {
              "id": "semester_2_technical_report_writing_assignments",
              "title": "Assignments",
              "type": "leaf",
              "docId": "semester_2_technical_report_writing_assignments"
            },
            {
              "id": "semester_2_technical_report_writing_handout",
              "title": "Handout",
              "type": "leaf",
              "docId": "semester_2_technical_report_writing_handout"
            },
            {
              "id": "semester_2_technical_report_writing_miscactivities",
              "title": "Misc",
              "type": "leaf",
              "docId": "semester_2_technical_report_writing_miscactivities"
            }
          ]
        }
      ]
    }
  ],
  "relations": {
    "nextPrev": {
      "semester_1_c_programming_notes_unit1": {
        "prev": null,
        "next": "semester_1_c_programming_notes_unit2_data_types",
        "up": null
      },
      "semester_1_c_programming_notes_unit2_data_types": {
        "prev": "semester_1_c_programming_notes_unit1",
        "next": "semester_1_c_programming_notes_unit3_decision_making",
        "up": null
      },
      "semester_1_c_programming_notes_unit3_decision_making": {
        "prev": "semester_1_c_programming_notes_unit2_data_types",
        "next": "semester_1_c_programming_notes_unit4_loops",
        "up": null
      },
      "semester_1_c_programming_notes_unit4_loops": {
        "prev": "semester_1_c_programming_notes_unit3_decision_making",
        "next": "semester_1_c_programming_notes_unit5_arrays",
        "up": null
      },
      "semester_1_c_programming_notes_unit5_arrays": {
        "prev": "semester_1_c_programming_notes_unit4_loops",
        "next": null,
        "up": null
      },
      "semester_1_environmental_science_notes_unit_1": {
        "prev": null,
        "next": null,
        "up": null
      }
    }
  }
}